musique intrumentale ou avec parole,support écouté,station radio,genre musicale,période musicale,langue écouté,type de parole,frequence ecouté artiste émergent,tempo,fréquence en travaillant,fréquence en sport,fréquence en cuisine,fréquence en transport,fréquence en passant le temps,fréquence écoute mensuel,fréquence écoute journalier,genre,age,environnement,situation professionnel
avec des paroles,plateforme de streaming;radio;cd;dvd;vinyles,nrj;skyrock;m radio,rap;jazz;pop;electro;classical music,années 2020;années 2010;années 2000;années 90;années 70 - 90,francophone,peu importe,5,150.0,3,5,4,5,4,1,2,homme,19.0,campagne,étudiant
les deux,streaming,skyrock;fun radio,french variety,années 50 - 70,francophone,engagées,2,120.0,4,2,1,2,1,1,2,homme,24.0,ville,salarié
les deux,plateforme de streaming;cd;dvd;vinyles,nan,no preferences,aucune préférence,anglophone,peu importe,2,,5,5,3,5,5,1,1,homme,20.0,campagne,étudiant
les deux,plateforme de streaming;radio;cd;dvd;vinyles,rtl;nrj;skyrock;fun radio,rap;electro,2020,francophone,poétiques,2,150.0,3,2,3,5,3,1,2,homme,19.0,ville,étudiant
avec des paroles,streaming,rtl;nrj;skyrock;fun radio,rock;rap;pop,ne sait pas,francophone;anglophone,poétiques,5,120.0,2,4,3,5,3,2,3,femme,20.0,campagne,étudiant
les deux,streaming,nan,rap;pop;classical music,années 2010;années 2000;années 90;années 70 - 90,francophone;anglophone,peu importe,3,150.0,5,5,3,5,5,1,1,homme,20.0,ville,étudiant
avec des paroles,plateforme de streaming;cd;dvd;vinyles,nan,rock;rap;pop;electro,aucune préférence,francophone;anglophone;hispanique;asiatique,peu importe,2,,4,4,4,5,3,1,2,femme,20.0,ville,étudiant
instrumentaux,plateforme de streaming;cd;dvd;vinyles,rtl;fun radio,rock;rap;jazz;pop;electro,années 2020;années 2010,francophone;anglophone,poétiques,3,150.0,4,5,3,5,3,1,1,homme,20.0,campagne,étudiant
les deux,streaming,nan,rap;pop,années 2010;années 90,francophone;anglophone;asiatique,poétiques,2,120.0,4,5,5,5,2,1,1,homme,29.21212121212121,banlieue,sans emploi
les deux,streaming,skyrock;nostalgie,electro,années 2020;années 70 - 90,francophone;anglophone;asiatique;brésilienne,poétiques,2,180.0,5,5,1,5,4,1,1,homme,19.0,campagne,étudiant
avec des paroles,plateforme de streaming;radio,skyrock;nostalgie;jazz,rock;rap;jazz;classical music,années 2020;années 2010;années 2000,francophone;anglophone,poétiques,3,,3,4,5,3,4,2,2,homme,19.0,ville,étudiant
les deux,streaming,nan,rock;rap;electro,aucune préférence,anglophone,peu importe,3,180.0,5,4,3,5,3,1,2,homme,19.0,campagne,étudiant
les deux,plateforme de streaming;cd;dvd;vinyles,radio jazz,no preferences,aucune préférence,francophone;anglophone,engagées,4,120.0,2,5,2,4,1,1,2,homme,19.0,campagne,étudiant
les deux,streaming,nan,rock;pop,années 2000;années 90;années 70 - 90,francophone;anglophone,peu importe,3,,4,4,2,5,3,1,2,femme,17.0,ville,étudiant
les deux,streaming,sweet fm,no preferences,années 2020;années 2010;années 2000;années 50 - 70,francophone;anglophone,poétiques,5,90.0,1,5,5,5,5,1,1,homme,21.0,ville,salarié
les deux,plateforme de streaming;cd;dvd;vinyles,nan,rock;electro,années 2010;années 2000;années 90;années 70 - 90,anglophone,peu importe,4,120.0,3,4,3,5,5,1,2,homme,20.0,banlieue,je préfère ne pas répondre
instrumentaux,plateforme de streaming;radio,nrj;fun radio,pop;electro,années 2010;années 2000;années 70 - 90,anglophone,peu importe,2,150.0,1,2,1,2,3,1,3,homme,20.0,ville,étudiant
les deux,streaming,nrj;nostalgie,pop,années 2010;années 2000,francophone;anglophone,peu importe,2,120.0,5,5,3,5,2,1,1,homme,20.0,campagne,étudiant
les deux,streaming,nan,techno,ne sait pas,anglophone;il y a pas trop de paroles,sans parole,1,180.0,4,5,3,5,4,1,2,homme,20.0,campagne,étudiant
les deux,plateforme de streaming;radio,nrj;fun radio;europe 2,rock;rap;jazz;pop;electro;classical music,années 2020;années 2010;années 2000;années 70 - 90,francophone;anglophone,peu importe,4,150.0,3,4,1,4,4,1,2,homme,21.0,campagne,étudiant
avec des paroles,plateforme de streaming;radio,rtl;m radio,rock;pop,aucune préférence,francophone;anglophone,peu importe,1,120.0,1,3,5,5,5,1,1,femme,53.0,campagne,salarié
avec des paroles,streaming,nan,rap;pop;electro,aucune préférence,francophone;anglophone;hispanique,peu importe,4,120.0,2,4,5,5,4,1,2,homme,20.0,banlieue,étudiant
avec des paroles,streaming,skyrock,rap,2020,francophone;anglophone,peu importe,4,150.0,5,5,5,5,5,1,1,homme,20.0,ville,étudiant
instrumentaux,radio;cd;dvd;vinyles,radio sénegalaise,no preferences,aucune préférence,francophone;wolof,peu importe,5,180.0,5,5,5,5,5,1,1,non binaire,28.0,banlieue,sans emploi
avec des paroles,streaming,nan,rap,années 2020;années 70 - 90,francophone,peu importe,3,150.0,4,4,2,5,2,1,2,homme,20.0,campagne,étudiant
avec des paroles,streaming,europe 2,pop;electro,2020,francophone;anglophone,poétiques,2,150.0,5,2,3,5,5,1,1,homme,20.0,banlieue,étudiant
les deux,plateforme de streaming;radio,nrj,rock;pop,2010,anglophone,peu importe,2,120.0,4,5,4,5,3,1,1,homme,21.0,ville,étudiant
les deux,cd;dvd;vinyles;pc youtube,nrj;nostalgie;fun radio;rire et chanson,pop;folk,aucune préférence,francophone;anglophone;asiatique,peu importe,3,,3,3,3,3,3,2,3,homme,29.21212121212121,ville,salarié
avec des paroles,plateforme de streaming;radio,nrj;skyrock;fun radio,rock;rap;pop,années 2020;années 2010;années 2000;années 90,francophone;anglophone,peu importe,3,120.0,4,1,3,2,3,1,2,homme,20.0,ville,étudiant
les deux,youtube,rtl;nrj;nostalgie;fun radio;m radio;,rock;pop;electro,années 2020;années 2010;années 2000;années 90;années 70 - 90,francophone;anglophone;hispanique;allemande;cyrillique;brésilienne,engagées,1,150.0,3,4,3,3,2,1,2,homme,20.0,campagne,étudiant
les deux,plateforme de streaming;cd;dvd;vinyles,nan,rock;rap;pop;electro,années 2020;années 2010;années 90,francophone;anglophone,poétiques,5,150.0,4,5,4,4,2,1,2,homme,20.0,campagne,étudiant
les deux,plateforme de streaming;cd;dvd;vinyles,nrj;skyrock;m radio,rap;pop;electro;classical music,années 2020;années 2010;années 2000;années 90,francophone,peu importe,4,150.0,4,5,3,5,4,1,2,homme,19.0,campagne,étudiant
les deux,plateforme de streaming;radio;cd;dvd;vinyles,rtl2,rock,1970-1990,francophone;anglophone,peu importe,1,120.0,5,1,4,5,3,1,1,homme,54.0,campagne,salarié
les deux,streaming,skyrock,rap,années 2020;années 2010,francophone;anglophone,peu importe,3,120.0,5,5,5,5,4,1,1,homme,20.0,campagne,étudiant
les deux,plateforme de streaming;cd;dvd;vinyles,nan,rock;rap;pop,années 2020;années 2010;années 2000,francophone;anglophone,poétiques,4,120.0,5,5,5,5,5,1,1,homme,21.0,ville,étudiant
avec des paroles,plateforme de streaming;cd;dvd;vinyles,nan,rap,années 2020;années 2010,francophone;anglophone,engagées,5,120.0,5,5,5,5,4,1,1,homme,22.0,ville,étudiant
les deux,plateforme de streaming;radio,nrj;skyrock,rock;rap;jazz;pop,années 2020;années 2010;années 2000,francophone;anglophone;brésilienne,engagées,3,120.0,4,4,3,5,4,1,1,homme,19.0,campagne,étudiant
avec des paroles,plateforme de streaming;cd;dvd;vinyles,nan,rock;pop,1970-1990,francophone;anglophone,poétiques,2,120.0,3,1,2,3,4,1,3,homme,25.0,banlieue,salarié
avec des paroles,streaming,nan,metal,années 2010;années 2000;années 90,francophone;anglophone;allemande,peu importe,2,150.0,4,1,2,4,5,1,2,homme,20.0,ville,étudiant
avec des paroles,bibliothèque de musique,nan,rock,années 90;années 70 - 90,francophone;anglophone,peu importe,1,,3,5,5,4,2,1,2,homme,21.0,campagne,étudiant
les deux,plateforme de streaming;cd;dvd;vinyles,nan,rock;electro,années 90;années 70 - 90,francophone;anglophone;allemande,peu importe,3,120.0,4,4,4,4,4,1,1,homme,25.0,ville,salarié
avec des paroles,streaming,nan,rap;folk,ne sait pas,francophone;cyrillique,poétiques,4,150.0,5,5,4,2,5,1,2,femme,21.0,ville,étudiant
avec des paroles,plateforme de streaming;cd;dvd;vinyles,nan,rap;electro;funk,années 2020;années 2010;années 2000;années 90,francophone;anglophone;hispanique;allemande,peu importe,4,120.0,5,3,5,5,4,1,1,homme,22.0,banlieue,étudiant
avec des paroles,plateforme de streaming;cd;dvd;vinyles,nan,rock;rap;metal,années 2010;années 2000;années 90,francophone;anglophone,peu importe,4,120.0,5,5,5,5,5,1,1,homme,20.0,banlieue,étudiant
instrumentaux,streaming,nan,rock;electro,années 2020;années 2000;années 90,francophone;anglophone,poétiques,3,,3,1,2,5,3,1,2,homme,19.0,ville,étudiant
avec des paroles,plateforme de streaming;radio;cd;dvd;vinyles,oceane chante france;rmc,rock;rap;pop;french variety,aucune préférence,francophone;anglophone;hispanique,poétiques,4,120.0,1,5,4,5,5,1,2,femme,53.0,campagne,salarié
les deux,streaming,nrj;skyrock;fun radio,rap,années 2020;années 2010,francophone;anglophone;hispanique;brésilienne,peu importe,2,150.0,4,3,3,5,2,1,3,homme,21.0,ville,étudiant
les deux,streaming,nan,rock;metal,années 2010;années 2000,anglophone,engagées,4,150.0,4,5,4,5,4,1,1,homme,29.21212121212121,ville,étudiant
avec des paroles,plateforme de streaming;radio,nostalgie,rock;pop,1970-1990,francophone;anglophone,poétiques,1,,3,3,4,1,5,1,2,femme,42.0,campagne,salarié
les deux,radio;cd;dvd;vinyles,rtl2 europe 2,rock;pop,aucune préférence,francophone;anglophone;hispanique,engagées,1,,1,3,3,5,3,1,2,femme,50.0,campagne,salarié
avec des paroles,streaming,aucune,rap,années 2020;années 90;années 70 - 90,francophone,peu importe,2,120.0,2,5,2,5,3,1,2,homme,21.0,ville,salarié
les deux,plateforme de streaming;amerigo,rtl;nrj;nostalgie;france inter;france info;m radio,rock;pop;electro;classical music,1970-1990,francophone;anglophone;hispanique,peu importe,4,120.0,4,4,4,3,4,1,1,femme,52.0,campagne,salarié
les deux,streaming,nan,rap;electro,années 2020;années 2010;années 90,francophone;anglophone;allemande,engagées,5,150.0,4,5,4,5,4,1,1,homme,21.0,ville,étudiant
les deux,streaming,nan,rock,années 2000;années 70 - 90,anglophone,poétiques,2,,4,2,2,5,3,1,2,homme,22.0,ville,salarié
les deux,streaming,skyrock,rap;pop,ne sait pas,francophone;anglophone,poétiques,2,,3,5,5,5,5,1,1,femme,19.0,ville,étudiant
les deux,streaming,nrj;skyrock;fun radio,rap;jazz,ne sait pas,anglophone;brésilienne,engagées,3,120.0,4,2,3,5,3,1,2,femme,19.0,ville,étudiant
les deux,plateforme de streaming;radio;cd;dvd;vinyles,fun radio,rock;rap;pop;electro,années 2020;années 2010;années 2000;années 90;années 70 - 90,francophone;anglophone;allemande,peu importe,3,180.0,4,1,4,5,3,1,1,homme,32.0,campagne,salarié
les deux,plateforme de streaming;radio;cd;dvd;vinyles,france inter,jazz;classical music,1970-1990,francophone;anglophone,engagées,4,90.0,5,5,5,4,3,1,2,homme,20.0,ville,étudiant
les deux,streaming,nan,techno,années 2020;années 2010;années 2000,anglophone;allemande;brésilienne,des gros kicks ca mere,3,180.0,5,5,3,5,5,1,1,homme,20.0,campagne,étudiant
les deux,plateforme de streaming;radio,rire&chansons;hit west;rtl2,rock;pop,années 2000;années 90;années 70 - 90,francophone;anglophone,peu importe,3,150.0,4,3,1,2,4,1,1,homme,17.0,campagne,étudiant
avec des paroles,streaming,nan,rap,années 2020;années 2010;années 2000,anglophone,peu importe,1,150.0,4,5,5,5,5,1,2,femme,20.0,ville,étudiant
les deux,streaming,nan,eclectic,années 2020;années 2000;années 90;années 70 - 90;années 50 - 70,anglophone,poétiques,4,,4,4,4,5,4,1,1,homme,19.0,banlieue,étudiant
les deux,streaming,nan,rock;rap;techno,aucune préférence,francophone;anglophone;allemande,peu importe,2,,4,5,4,5,3,1,1,homme,17.0,campagne,étudiant
instrumentaux,streaming,nrj,rap,aucune préférence,anglophone,engagées,3,,4,4,5,4,4,1,1,homme,17.0,campagne,étudiant
avec des paroles,plateforme de streaming;cd;dvd;vinyles,rtl,rock;jazz;classical music,1970-1990,anglophone,peu importe,2,120.0,2,3,2,4,2,1,2,femme,68.0,campagne,retraité
les deux,streaming,nan,no preferences,années 2020;années 2010;années 2000;années 90;années 70 - 90,francophone;anglophone;hispanique;brésilienne,peu importe,3,,3,4,5,4,4,1,1,homme,18.0,ville,étudiant
les deux,plateforme de streaming;morceaux locaux,nan,techno,années 2020;années 2010;années 2000,francophone;anglophone,engagées,5,150.0,5,5,2,5,3,1,2,homme,21.0,je préfère ne pas répondre,salarié
avec des paroles,streaming,rtl,rap;pop,années 2020;années 2010;années 2000,anglophone,peu importe,2,120.0,3,5,3,4,4,1,2,homme,17.0,campagne,étudiant
les deux,streaming,nan,rock;metal,années 2020;années 2010;années 2000;années 90;années 70 - 90,anglophone;allemande,peu importe,1,120.0,4,5,5,5,5,1,1,homme,18.0,ville,étudiant
les deux,streaming,rtl;nrj,rap;pop,aucune préférence,francophone;anglophone;hispanique,peu importe,5,120.0,4,5,5,5,4,1,1,homme,20.0,ville,étudiant
les deux,streaming,nan,rock,aucune préférence,francophone;anglophone,peu importe,2,150.0,5,5,5,5,5,1,1,homme,21.0,campagne,salarié
instrumentaux,streaming,nrj,pop;electro;classical music,aucune préférence,francophone;anglophone,peu importe,2,,3,2,3,1,4,1,2,homme,20.0,ville,étudiant
les deux,plateforme de streaming;radio,rtl;fun radio,rock;pop,années 2000;années 90;années 70 - 90,francophone;anglophone,engagées,2,120.0,1,1,4,5,4,1,2,femme,55.0,campagne,salarié
les deux,streaming,nrj,rock;pop,années 2020;années 2010;années 2000;années 70 - 90,francophone;anglophone,peu importe,2,120.0,3,3,1,1,4,2,2,homme,18.0,ville,étudiant
les deux,streaming,nan,rock;rap;pop;electro;classical music,années 2020;années 2010;années 70 - 90,francophone;anglophone,peu importe,3,,3,2,2,4,4,1,2,homme,19.0,ville,étudiant
instrumentaux,plateforme de streaming;cd;dvd;vinyles,nan,jazz,aucune préférence,anglophone,poétiques,3,120.0,4,5,4,4,3,1,1,homme,29.21212121212121,ville,étudiant
les deux,plateforme de streaming;radio,rfm et fip,rock;pop,années 2020;années 70 - 90,francophone;anglophone;hispanique,peu importe,2,120.0,5,5,3,5,3,1,1,femme,55.0,banlieue,salarié
les deux,plateforme de streaming;cd;dvd;vinyles;,nan,rap;metal,années 2020;années 2010;années 2000,francophone;anglophone,peu importe,3,,4,4,4,1,1,1,2,homme,19.0,banlieue,étudiant
les deux,streaming,nan,electro,2020,francophone;anglophone;brésilienne,peu importe,2,120.0,4,5,4,4,5,1,2,homme,23.0,campagne,je préfère ne pas répondre
les deux,plateforme de streaming;cd;dvd;vinyles;mp3;et téléchargement,nan,no preferences,1970-1990,francophone;anglophone;hispanique;allemande;cyrillique;asiatique;brésilienne;tout,peu importe,5,120.0,5,5,5,5,5,1,1,homme,20.0,campagne,étudiant
les deux,streaming,rmn,pop,années 2020;années 2010;années 2000,anglophone,peu importe,2,,2,4,2,4,1,2,3,femme,29.21212121212121,ville,étudiant
instrumentaux,plateforme de streaming;cd;dvd;vinyles;concert;atelier de musique,nan,rock;jazz;electro;ost,années 2000;années 90;années 70 - 90;années 50 - 70,francophone;anglophone;hispanique;allemande;cyrillique;asiatique;brésilienne,peu importe,3,120.0,5,5,5,5,5,1,1,je préfère ne pas répondre,19.0,campagne,étudiant
avec des paroles,plateforme de streaming;cd;dvd;vinyles,nan,no preferences,années 2020;années 90;années 70 - 90,francophone;anglophone;asiatique,peu importe,2,120.0,5,5,1,5,2,1,2,femme,18.0,ville,étudiant
les deux,streaming,nan,electro,aucune préférence,anglophone,engagées,4,180.0,5,5,5,5,5,1,1,je préfère ne pas répondre,18.0,banlieue,étudiant
avec des paroles,plateforme de streaming;radio;cd;dvd;vinyles,nrj;skyrock;fun radio,pop,années 2020;années 2010;années 2000,anglophone,peu importe,1,120.0,2,2,3,5,4,1,2,femme,20.0,ville,étudiant
avec des paroles,plateforme de streaming;radio,nrj;oui fm,rock;pop,aucune préférence,anglophone;hispanique;asiatique,peu importe,1,120.0,3,2,5,1,5,1,2,homme,18.0,ville,étudiant
les deux,streaming,nan,techno,années 2020;années 2010;années 2000;années 90;années 70 - 90,francophone;anglophone,peu importe,2,150.0,4,5,3,5,4,1,1,homme,20.0,banlieue,salarié
les deux,plateforme de streaming;radio,tsf jazz,jazz;pop;electro;rock,aucune préférence,francophone;anglophone;hispanique,peu importe,4,150.0,1,1,3,5,4,1,2,homme,20.0,banlieue,étudiant
avec des paroles,youtube et réseaux sociaux,nan,pop;classical music,aucune préférence,anglophone,peu importe,1,120.0,3,1,1,1,3,2,3,femme,29.21212121212121,banlieue,étudiant
les deux,streaming,nrj;skyrock,rap;pop,années 2010;années 2000,francophone;anglophone;brésilienne,peu importe,3,120.0,4,5,5,5,5,1,1,homme,22.0,ville,salarié
avec des paroles,streaming,youtube,rock;electro;classical music,aucune préférence,francophone;anglophone;russe,peu importe,2,,3,4,4,5,4,1,2,homme,20.0,je préfère ne pas répondre,sans emploi
les deux,radio,skyrock;fun radio;m radio,no preferences,années 2020;années 2010;années 2000;années 90;années 70 - 90,francophone;brésilienne,peu importe,3,180.0,5,5,5,5,5,1,2,je préfère ne pas répondre,29.21212121212121,campagne,salarié
les deux,streaming,nan,rap;pop,années 2020;années 2010,francophone;anglophone;asiatique,engagées,5,90.0,2,1,2,5,3,1,3,homme,29.21212121212121,ville,étudiant
les deux,plateforme de streaming;radio,hit west,rock;pop;electro;metal,années 2010;années 2000;années 90,anglophone,peu importe,2,120.0,3,1,1,4,2,2,3,homme,18.0,campagne,étudiant
avec des paroles,streaming,nan,rock;rap,2010,francophone;anglophone,engagées,3,,4,5,5,5,3,1,2,homme,19.0,ville,étudiant
les deux,plateforme de streaming;radio,skyrock,rap;electro;tech ( uptempo,aucune préférence,francophone;anglophone,peu importe,1,,2,5,4,5,4,1,2,homme,18.0,banlieue,étudiant
les deux,plateforme de streaming;radio,nova;hit west,rock;pop;classical music,années 2020;années 70 - 90,francophone;anglophone,poétiques,4,90.0,4,4,4,5,4,1,2,homme,29.21212121212121,ville,étudiant
avec des paroles,streaming,skyrock,rap,années 2020;années 2010;années 2000,francophone,engagées,2,150.0,3,4,2,5,2,1,2,homme,20.0,campagne,sans emploi
les deux,streaming,skyrock;m radio,no preferences,années 2000;années 70 - 90,francophone,engagées,2,120.0,3,3,3,3,3,1,3,femme,47.0,campagne,sans emploi
les deux,streaming,nan,rock;rap;pop;electro;classical music,années 2020;années 2010;années 2000;années 70 - 90,francophone;anglophone;hispanique,peu importe,3,120.0,3,4,2,2,4,1,1,homme,29.21212121212121,je préfère ne pas répondre,étudiant
avec des paroles,radio,nan,pop;no preferences,aucune préférence,francophone,peu importe,2,90.0,2,2,2,2,2,1,2,homme,40.0,campagne,je préfère ne pas répondre
avec des paroles,plateforme de streaming;radio,chérie fm,rock;pop,années 2000;années 90;années 70 - 90,francophone,engagées,1,120.0,1,5,3,4,3,1,2,femme,55.0,campagne,salarié
avec des paroles,streaming,nan,pop;electro,années 2020;années 2000;années 70 - 90,francophone;anglophone,peu importe,2,150.0,2,1,3,5,3,1,3,homme,22.0,ville,étudiant
avec des paroles,streaming,nan,rock;rap;jazz;electro,aucune préférence,francophone;anglophone,engagées,3,,5,5,4,5,2,1,1,homme,22.0,ville,étudiant
les deux,plateforme de streaming;radio,rtl;radio bonheur,jazz;pop,années 2010;années 2000;années 90,francophone;anglophone;hispanique,engagées,4,150.0,5,5,5,5,5,1,2,homme,25.0,ville,salarié
les deux,plateforme de streaming;cd;dvd;vinyles,nan,rap;jazz;pop;electro,aucune préférence,francophone;anglophone;hispanique;allemande;cyrillique;asiatique;brésilienne,engagées,5,,4,3,3,5,4,1,2,je préfère ne pas répondre,18.0,ville,étudiant
les deux,téléchargement des musiques,rire & chanson,rock;jazz;pop;classical music,aucune préférence,francophone;anglophone,peu importe,3,,4,4,4,3,3,2,3,homme,18.0,je préfère ne pas répondre,étudiant
les deux,plateforme de streaming;radio,nrj;skyrock;nostalgie;fun radio;alouette;mouv,rock;rap;pop;electro,années 2010;années 2000,francophone;anglophone,peu importe,2,120.0,5,3,1,5,2,1,1,homme,27.0,ville,salarié
les deux,plateforme de streaming;radio,nrj;alouette,no preferences,années 2010;années 2000;années 70 - 90,francophone;anglophone,peu importe,1,,4,5,1,4,1,1,1,femme,26.0,campagne,salarié
les deux,streaming,rtl;nrj;nostalgie;fun radio,pop;electro,années 2010;années 2000;années 90;années 70 - 90,francophone;anglophone;asiatique,poétiques,2,120.0,4,3,4,5,4,1,1,femme,29.21212121212121,ville,sans emploi
avec des paroles,streaming,alouette,rap;pop;folk,2010,francophone,poétiques,3,150.0,1,1,5,4,3,1,2,homme,25.0,campagne,salarié
les deux,plateforme de streaming;radio,hit west,rock,années 2020;années 2010,anglophone,peu importe,3,150.0,1,5,5,5,5,1,2,homme,18.0,banlieue,étudiant
les deux,streaming,alouette,no preferences,années 2020;années 2010;années 2000;années 50 - 70,francophone;anglophone;brésilienne,engagées,4,120.0,5,2,4,5,4,1,1,femme,26.0,ville,salarié
les deux,streaming,skyrock;fun radio,rock;rap,années 2020;années 70 - 90,francophone;anglophone,peu importe,4,120.0,5,5,2,4,4,1,2,homme,22.0,ville,étudiant
les deux,plateforme de streaming;radio,nrj;alouette,rock;rap;pop,années 2020;années 2010;années 2000,francophone;anglophone,engagées,2,120.0,1,4,3,4,4,1,2,femme,25.0,campagne,salarié
les deux,radio;cd;dvd;vinyles,rtl;alouette,pop,aucune préférence,francophone,peu importe,2,120.0,2,4,3,4,4,1,2,homme,53.0,campagne,salarié
avec des paroles,streaming,nan,rap,2020,francophone,peu importe,2,120.0,3,1,2,5,2,1,3,homme,20.0,ville,indépendant
les deux,plateforme de streaming;cd;dvd;vinyles,nrj;nostalgie,rock;electro;classical music,ne sait pas,francophone;asiatique,peu importe,4,120.0,4,2,4,4,2,1,2,homme,20.0,je préfère ne pas répondre,étudiant
instrumentaux,plateforme de streaming;radio,rtl;nostalgie,rock;pop,années 90;années 70 - 90,anglophone,peu importe,2,120.0,2,1,1,5,5,1,1,homme,19.0,campagne,étudiant
les deux,streaming,nan,rap;electro,années 2020;années 2010,francophone;anglophone;allemande,peu importe,3,180.0,5,5,5,5,5,1,1,homme,20.0,ville,étudiant
les deux,plateforme de streaming;mon lecteur cd gulli,nrj;radio bonheur,rock;jazz;pop;electro;techno,années 2000;années 90,francophone;anglophone;xylophone,fesses ahah,2,150.0,3,2,5,5,3,1,2,je préfère ne pas répondre,69.0,banlieue,retraité
les deux,streaming,je n'écoute pas la radio,rock;rap;jazz;pop;electro;classical music,années 2000;années 90;années 70 - 90,francophone;anglophone,engagées;poétiques ou humouristiques;en fonction du moment,4,120.0,4,2,2,5,5,1,1,je préfère ne pas répondre,22.0,campagne,étudiant
avec des paroles,streaming,nan,rap;pop,ne sait pas,anglophone,engagées,2,150.0,4,1,4,5,3,1,2,homme,19.0,ville,étudiant
instrumentaux,streaming,nan,techno,années 2020;années 2000;années 90,anglophone;cyrillique;asiatique,peu importe,4,180.0,4,5,3,4,2,1,2,femme,22.0,banlieue,je préfère ne pas répondre
les deux,plateforme de streaming;radio,nrj;fun radio;europe 2,rock;pop;electro,années 2020;années 2010;années 2000;années 70 - 90,francophone;anglophone;hispanique;asiatique,peu importe,3,150.0,2,4,3,5,4,1,3,femme,24.0,campagne,sans emploi
les deux,streaming,nrj,rock;pop;electro,années 2020;années 2010;années 70 - 90,francophone;anglophone,peu importe,3,150.0,5,5,3,4,3,1,2,homme,20.0,ville,étudiant
les deux,streaming,nan,pop;no preferences,aucune préférence,francophone;anglophone,peu importe,1,120.0,1,3,1,1,2,3,3,homme,29.21212121212121,ville,salarié
les deux,plateforme de streaming;cd;dvd;vinyles,fun radio,electro,années 2020;années 2010;années 2000,francophone;anglophone;cyrillique,peu importe,5,120.0,4,5,4,5,4,1,1,femme,20.0,banlieue,étudiant
avec des paroles,streaming,nrj,rap;pop,années 2020;années 2010;années 2000;années 90,francophone,poétiques,1,120.0,5,5,5,5,3,1,1,femme,27.0,campagne,salarié
les deux,plateforme de streaming;cd;dvd;vinyles,m radio;radio bonheur;cheriefm,pop,années 2010;années 2000;années 90,francophone;anglophone,poétiques,3,120.0,3,4,4,4,4,1,2,homme,29.21212121212121,je préfère ne pas répondre,salarié
avec des paroles,plateforme de streaming;radio,nrj;fun radio;m radio,rock;pop,2020,francophone;anglophone;hispanique,peu importe,1,150.0,2,4,2,1,2,1,3,femme,52.0,campagne,salarié
les deux,streaming,nan,,années 2010;années 90,francophone;anglophone,peu importe,2,,1,1,2,1,2,4,3,homme,19.0,banlieue,étudiant
avec des paroles,streaming,nan,pop;electro,années 2010;années 70 - 90,francophone;anglophone;cyrillique;asiatique,peu importe,3,180.0,4,4,5,4,3,1,1,homme,18.0,je préfère ne pas répondre,étudiant
avec des paroles,streaming,fun radio,rap,2020,francophone;anglophone,engagées,5,120.0,4,5,3,5,5,1,1,homme,19.0,ville,étudiant
avec des paroles,streaming,nan,rock;rap;pop,années 2020;années 2010;années 2000;années 90,francophone;anglophone,engagées,3,120.0,1,2,3,5,2,1,2,homme,23.0,campagne,étudiant
les deux,plateforme de streaming;radio,france inter;france info,rock;pop;electro;classical music,aucune préférence,francophone;anglophone;allemande,peu importe,2,120.0,3,4,1,1,1,2,3,homme,20.0,banlieue,étudiant
les deux,plateforme de streaming;radio;cassette dans ma magnifique voiture,rtl2;rire et chanson;hit west,rock,aucune préférence,francophone;anglophone;allemande;bretonne,peu importe,2,120.0,1,4,1,5,3,1,2,homme,30.0,ville,salarié
avec des paroles,plateforme de streaming;cd;dvd;vinyles;concerts,nan,rock;pop,années 2000;années 70 - 90;années 50 - 70,francophone;anglophone;asiatique,engagées,5,90.0,5,5,5,5,5,1,1,femme,21.0,ville,étudiant
les deux,streaming,nan,ost,années 2020;années 2010,francophone;anglophone,peu importe,2,150.0,5,5,5,5,3,1,1,femme,21.0,ville,étudiant
les deux,streaming,nan,rock;rap;pop;electro;techno,2020,francophone;anglophone;allemande;asiatique,peu importe,3,180.0,5,5,5,4,3,1,1,homme,21.0,ville,étudiant
les deux,streaming,nrj;europe 2,rock;pop;electro,années 2010;années 90,francophone;anglophone,peu importe,2,150.0,4,4,3,5,3,1,2,femme,21.0,ville,étudiant
les deux,plateforme de streaming;radio;cd;dvd;vinyles;concert,nrj;skyrock;hits ouest,no preferences,aucune préférence,en vrai un peu de toute,peu importe,5,120.0,4,5,5,5,3,1,1,homme,21.0,campagne,salarié
les deux,streaming,nan,rock,2020,francophone;anglophone,engagées,4,150.0,2,1,1,4,5,2,3,homme,22.0,ville,salarié
avec des paroles,streaming,alouette,rock;rap;pop;electro;jazz,années 2020;années 2010;années 2000;années 90,francophone;anglophone;hispanique;asiatique;brésilienne,peu importe,3,120.0,5,4,4,5,4,1,3,femme,26.0,ville,salarié
les deux,plateforme de streaming;radio;cd;dvd;vinyles,nrj;skyrock;fun radio,rap;pop;electro;rock,années 2020;années 2010;années 2000,francophone;anglophone;asiatique,peu importe,3,120.0,4,3,3,5,5,1,1,homme,22.0,ville,sans emploi
avec des paroles,plateforme de streaming;radio,nrj,pop;electro,années 2010;années 90,francophone;anglophone;hispanique,peu importe,3,120.0,4,5,3,4,1,2,1,femme,20.0,banlieue,étudiant
les deux,streaming,nan,rock;jazz;classical music,années 2010;années 2000;années 90,francophone;anglophone;hispanique;asiatique;brésilienne,engagées,2,90.0,4,5,2,5,2,1,1,homme,26.0,ville,salarié
les deux,plateforme de streaming;cd;dvd;vinyles,nan,rock;pop;electro,années 2020;années 2010;années 70 - 90,francophone;anglophone;brésilienne,j'aime beaucoup les paroles engagés mais j'écoute essentiellement des paroles qui sont là pour embellir la prod;instrument,4,150.0,5,5,3,5,3,1,2,homme,20.0,campagne,salarié
avec des paroles,plateforme de streaming;radio,skyrock,rap,années 2020;années 2010,francophone,peu importe,4,120.0,4,3,5,5,4,1,2,homme,20.0,campagne,étudiant
les deux,cd;dvd;vinyles,france inter;france info;france musique france culture,rock;jazz;pop;classical music;french variety,aucune préférence,francophone,texte de qualité,2,,1,1,1,1,1,1,2,femme,70.0,campagne,retraité
les deux,plateforme de streaming;cd;dvd;vinyles,tendance ouest,rock;jazz;classical music;pop,aucune préférence,francophone;anglophone;asiatique,poétiques,5,90.0,2,5,1,4,4,1,3,homme,21.0,campagne,étudiant
les deux,streaming,nan,rap;electro;techno,aucune préférence,francophone;anglophone;allemande,engagées,5,150.0,4,3,5,5,5,1,1,homme,25.0,banlieue,salarié
les deux,plateforme de streaming;cd;dvd;vinyles,nan,no preferences,aucune préférence,francophone;anglophone;asiatique,peu importe,4,,4,2,4,5,3,1,3,homme,21.0,ville,étudiant
les deux,plateforme de streaming;radio,nrj;skyrock;fun radio;rtl2,pop;electro,aucune préférence,francophone;anglophone;hispanique,engagées,4,,5,5,5,5,5,1,2,homme,19.0,ville,étudiant
les deux,streaming,nan,rock;pop;electro,aucune préférence,anglophone;japonais,poétiques,3,150.0,4,4,5,5,4,1,2,homme,18.0,ville,étudiant
les deux,streaming,rtl;nrj;skyrock;fun radio;rire & chanson,rock;pop,années 2000;années 90,francophone;anglophone;hispanique;allemande,peu importe,2,,4,5,5,5,5,1,2,homme,20.0,ville,étudiant
les deux,plateforme de streaming;radio,m radio,rap;pop,2010,francophone;anglophone,triste,4,120.0,5,3,4,5,3,1,1,homme,18.0,ville,étudiant
les deux,streaming,nan,rap;jazz;pop;electro;techno;metal,années 2020;années 2010;années 2000;années 90,francophone;anglophone,peu importe,4,120.0,3,5,5,5,4,1,1,homme,16.0,banlieue,étudiant
avec des paroles,radio,nrj,pop,1970-1990,anglophone,peu importe,1,120.0,1,3,2,5,2,2,3,femme,45.0,campagne,salarié
avec des paroles,plateforme de streaming;radio,nrj,rock;rap;pop;classical music,années 2020;années 2010;années 2000;années 90;années 70 - 90,francophone;anglophone;hispanique,poétiques,2,120.0,4,1,4,4,4,1,1,homme,46.0,campagne,indépendant
avec des paroles,streaming,nrj;skyrock;fun radio,rap;pop,années 2020;années 2010;années 90,francophone;anglophone,peu importe,2,150.0,3,5,2,5,3,1,2,femme,26.0,campagne,je préfère ne pas répondre
les deux,plateforme de streaming;cd;dvd;vinyles;,europe 2;rtl2;hit west,rock;metal,aucune préférence,francophone;anglophone,peu importe,3,,2,5,5,5,5,1,2,femme,27.0,campagne,salarié
avec des paroles,streaming,rtl;nrj;m radio,pop,années 2000;années 90;années 70 - 90,francophone,peu importe,3,120.0,5,3,1,4,2,1,1,homme,37.0,campagne,salarié
les deux,plateforme de streaming;radio,rtl;skyrock;fun radio;m radio,electro,aucune préférence,francophone;anglophone,engagées,1,180.0,1,5,5,5,5,1,2,femme,33.0,campagne,salarié
les deux,radio;you tube,rtl;nrj;fun radio;france inter;m radio,no preferences,années 2020;années 2010;années 2000;années 90;années 70 - 90,francophone;anglophone,engagées,1,,1,5,3,5,2,1,3,femme,32.0,campagne,salarié
les deux,streaming,nan,metal,aucune préférence,francophone;anglophone;asiatique,peu importe,5,,5,3,1,5,5,1,1,homme,22.0,ville,étudiant
les deux,plateforme de streaming;radio,rtl;nrj;skyrock;fun radio;france info,rap;jazz;pop;electro,années 2000;années 90;années 70 - 90,francophone;anglophone,peu importe,2,,4,5,5,5,4,1,2,femme,34.0,campagne,salarié
les deux,streaming,nan,rock;pop,années 2020;années 2010;années 2000,francophone;anglophone,peu importe,3,120.0,3,4,1,1,3,1,3,homme,20.0,ville,étudiant
les deux,plateforme de streaming;radio,france info;hitwest en voiture,rock;jazz;pop,ne sait pas,anglophone,engagées,2,120.0,5,1,5,5,5,1,1,homme,47.0,banlieue,indépendant
avec des paroles,plateforme de streaming;radio;cd;dvd;vinyles,nrj;m radio,rock;pop,aucune préférence,francophone;anglophone;hispanique,poétiques,2,120.0,2,4,4,5,3,1,2,femme,46.0,ville,salarié
les deux,plateforme de streaming;radio,nrj;fun radio,rock;pop;electro,aucune préférence,anglophone,peu importe,2,120.0,5,1,2,4,3,2,2,homme,29.0,campagne,indépendant
les deux,radio,rtl;nrj;skyrock;nostalgie;fun radio,rock;pop,1970-1990,francophone;anglophone;hispanique;allemande,peu importe,3,120.0,2,3,3,3,3,1,3,femme,59.0,campagne,salarié
avec des paroles,plateforme de streaming;radio,rtl;skyrock;fun radio,electro,aucune préférence,francophone,engagées,3,120.0,4,4,2,5,4,2,3,femme,34.0,campagne,salarié
les deux,radio;cd;dvd;vinyles,nostalgie;rca,rock;pop,1970-1990,anglophone,peu importe,2,120.0,1,1,3,4,3,1,2,femme,55.0,banlieue,salarié
avec des paroles,radio,rtl,rock;pop,1970-1990,francophone;anglophone,peu importe,2,120.0,2,1,1,5,3,1,3,je préfère ne pas répondre,56.0,campagne,salarié
les deux,streaming,rtl;nostalgie;france info,rock;pop;electro,années 2010;années 2000;années 70 - 90,francophone;anglophone,peu importe,3,,3,5,4,4,2,1,2,homme,29.21212121212121,ville,indépendant
avec des paroles,plateforme de streaming;radio;cd;dvd;vinyles,nrj;m radio,pop;french variety,années 2020;années 2000,francophone,poétiques,2,120.0,1,4,1,5,1,1,3,femme,34.0,campagne,salarié
les deux,plateforme de streaming;radio,skyrock,rap;jazz,années 2020;années 2010;années 90,francophone;anglophone,peu importe,2,120.0,1,5,3,5,3,1,3,femme,24.0,ville,étudiant
instrumentaux,streaming,skyrock;ici armorique,rock;rap,années 2020;années 70 - 90,francophone;anglophone,poétiques,2,90.0,3,2,1,1,2,1,3,femme,40.0,campagne,indépendant
avec des paroles,streaming,nan,rap,années 2020;années 2010;années 2000,anglophone,peu importe,4,120.0,4,2,3,3,5,1,2,homme,20.0,campagne,étudiant
avec des paroles,streaming,nan,pop,années 2010;années 2000,francophone;anglophone;hispanique,peu importe,2,120.0,3,4,4,4,5,1,2,femme,21.0,ville,étudiant
les deux,mobile,rtl;nrj;skyrock;nostalgie,rock;rap;pop,années 2010;années 2000;années 90,francophone;anglophone,peu importe,2,150.0,4,5,1,5,5,1,3,homme,40.0,ville,indépendant
les deux,plateforme de streaming;radio,nrj;skyrock;fun radio,electro,années 2020;années 2010;années 2000,francophone;anglophone;hispanique,peu importe,2,120.0,2,3,2,4,1,1,2,homme,30.0,campagne,salarié
les deux,plateforme de streaming;cd;dvd;vinyles,nan,rap;pop,années 2020;années 2010;années 2000,francophone;anglophone;asiatique,poétiques,2,,5,5,5,5,5,1,1,femme,18.0,ville,étudiant
avec des paroles,plateforme de streaming;radio,nrj;skyrock;france inter;france info;m radio,rap,2000,francophone;anglophone,engagées,2,,1,4,2,4,3,1,3,homme,29.21212121212121,ville,salarié
avec des paroles,streaming,nan,rock;jazz;pop;electro;techno;funk,années 2000;années 50 - 70,anglophone;cyrillique,peu importe,3,150.0,5,2,4,5,4,1,1,femme,29.0,ville,sans emploi
avec des paroles,plateforme de streaming;radio,ici,no preferences,aucune préférence,francophone;anglophone;brésilienne,peu importe,2,150.0,3,4,3,5,4,1,2,homme,57.0,ville,salarié
avec des paroles,plateforme de streaming;radio;cd;dvd;vinyles,france inter,rock;rap;pop;electro,aucune préférence,francophone;anglophone,poétiques,3,150.0,1,1,4,4,3,1,2,homme,48.0,campagne,salarié
avec des paroles,plateforme de streaming;radio,nrj;skyrock,pop,2010,anglophone,peu importe,3,120.0,4,5,5,4,4,1,2,homme,24.0,ville,salarié
avec des paroles,plateforme de streaming;radio;cd;dvd;vinyles,rtl;nrj;nostalgie;fun radio,rock;rap;jazz;pop;metal,années 2000;années 90;années 70 - 90,francophone;anglophone;allemande,peu importe,3,120.0,5,5,5,5,4,1,1,homme,18.0,ville,étudiant
les deux,streaming,france inter;france info,rock;jazz;classical music,années 90;années 70 - 90,francophone;anglophone;hispanique,humoristique,3,90.0,4,5,3,4,3,1,2,homme,24.0,ville,étudiant
les deux,plateforme de streaming;radio;cassettes,m radio,rock,1970-1990,francophone;anglophone,poétiques,1,90.0,5,4,2,5,3,1,1,homme,20.0,ville,étudiant
les deux,plateforme de streaming;cd;dvd;vinyles,nostalgie,metal,années 2000;années 90;années 70 - 90;années 50 - 70,francophone;anglophone,peu importe,2,150.0,3,5,5,5,3,1,2,homme,19.0,campagne,étudiant
avec des paroles,streaming,nan,rap;pop,aucune préférence,francophone;anglophone,peu importe,5,150.0,4,5,5,5,5,1,1,homme,18.0,ville,étudiant
les deux,radio;cd;dvd;vinyles,nrj;skyrock;fun radio;france info;m radio;rtl 2,no preferences,années 90;années 70 - 90,francophone;anglophone,engagées,3,120.0,1,1,3,5,3,1,2,homme,54.0,campagne,salarié
les deux,plateforme de streaming;radio,nrj;skyrock;m radio,rap;pop;classical music,années 2020;années 2010;années 2000;années 90,francophone;anglophone,poétiques,2,120.0,5,5,5,5,5,1,2,femme,38.0,campagne,salarié
avec des paroles,radio;avec alexa de chez amazon,nostalgie;radio bonheur... et interdit de se moquer,rock;pop,années 70 - 90;années 50 - 70,francophone,peu importe,1,120.0,1,1,4,4,3,1,3,femme,61.0,campagne,salarié
avec des paroles,plateforme de streaming;radio,rtl;nrj;skyrock;fun radio,pop,aucune préférence,anglophone,peu importe,2,120.0,3,5,3,5,3,1,2,femme,50.0,banlieue,salarié
les deux,radio;cd;dvd;vinyles,chérie fm,rock,années 70 - 90;années 50 - 70,anglophone,peu importe,2,150.0,5,4,2,5,3,1,1,homme,56.0,campagne,salarié
instrumentaux,radio;mp3,radio spoon rock,rock;electro,aucune préférence,francophone;anglophone;allemande,engagées,4,120.0,3,1,5,5,5,1,1,homme,19.0,campagne,étudiant
avec des paroles,streaming,nostalgie;fun radio;m radio,no preferences,années 2000;années 70 - 90,francophone,peu importe,2,150.0,5,5,3,1,3,1,1,femme,28.0,campagne,salarié
les deux,streaming,canal b,no preferences,années 2020;années 2010;années 2000;années 90;années 70 - 90,anglophone,peu importe,4,,4,4,2,4,2,1,2,homme,91.0,ville,étudiant
les deux,streaming,nan,rap;electro,aucune préférence,anglophone,peu importe,3,180.0,3,5,4,5,4,1,1,homme,19.0,ville,étudiant
les deux,plateforme de streaming;radio,nostalgie;m radio;europe 2 rtl2,rock;rap;pop;electro;classical music,années 90;années 70 - 90;années 50 - 70,francophone;anglophone,poétiques,2,120.0,4,3,2,5,4,1,1,femme,39.0,campagne,salarié
avec des paroles,streaming,nova,rock;pop,années 2020;années 2010;années 2000;années 90,francophone;anglophone,poétiques,4,120.0,4,2,1,5,3,1,2,homme,46.0,campagne,salarié
instrumentaux,radio,nrj;m radio,pop,1970-1990,francophone;anglophone,engagées,2,90.0,1,2,1,5,3,1,2,femme,32.0,campagne,salarié
les deux,plateforme de streaming;radio;cd;dvd;vinyles,nrj;nostalgie;rfm,rock;pop;electro,aucune préférence,francophone;anglophone,peu importe,1,,4,4,4,4,4,1,2,homme,18.0,ville,étudiant
avec des paroles,radio;you tube premium,nostalgie,rock;rap;pop,1970-1990,francophone;anglophone,peu importe,2,150.0,2,1,4,5,3,1,2,femme,48.0,ville,salarié
les deux,radio;clé usb,nrj,rock;jazz;pop;electro;classical music,années 2020;années 2010;années 2000;années 90;années 70 - 90,anglophone,peu importe,2,120.0,1,5,5,3,5,1,2,femme,53.0,ville,salarié
les deux,radio;cd;dvd;vinyles;,nostalgie;,no preferences,années 90;années 70 - 90;pas de préférence,francophone;anglophone,peu importe,5,120.0,5,3,3,5,3,1,1,homme,56.0,campagne,salarié
avec des paroles,plateforme de streaming;radio;cd;dvd;vinyles;clé usb;chaînes de clips,rtl;nrj;nostalgie;fun radio;france inter;france info;,funk,années 90;années 70 - 90,francophone;anglophone,peu importe,2,,3,4,1,4,1,1,1,femme,27.0,banlieue,étudiant
instrumentaux,streaming,rtl;skyrock;france inter;france info;m radio,rock,1970-1990,anglophone,peu importe,3,120.0,3,4,4,5,3,1,2,homme,28.0,ville,salarié
les deux,plateforme de streaming;radio,nrj;fun radio;nrj;,pop,années 2000;années 90,francophone,peu importe,3,180.0,1,5,5,5,4,1,2,femme,40.0,campagne,salarié
les deux,streaming,nan,rap;pop;electro,années 2020;années 70 - 90,francophone;anglophone;hispanique,peu importe,2,150.0,3,5,5,5,5,1,1,femme,31.0,ville,salarié
avec des paroles,plateforme de streaming;radio,oui fm,rock;pop,années 90;années 70 - 90,francophone;anglophone,peu importe,3,150.0,3,4,3,5,5,1,2,homme,28.0,campagne,salarié
avec des paroles,streaming,nrj;skyrock,rap,années 2020;années 2010,francophone;anglophone,peu importe,3,120.0,4,4,4,5,3,1,2,homme,17.0,campagne,étudiant
les deux,plateforme de streaming;radio,légende,no preferences,aucune préférence,francophone,engagées,4,120.0,1,5,3,5,3,1,2,femme,46.0,campagne,salarié
les deux,streaming,rtl;france info;nova,rock;rap,aucune préférence,francophone;anglophone;hispanique,peu importe,4,120.0,4,1,1,5,1,1,2,homme,52.0,campagne,indépendant
avec des paroles,plateforme de streaming;radio,rtl;fun radio;rtl 2;tsf jazz,rock;pop,aucune préférence,francophone;anglophone,peu importe,1,120.0,5,1,4,5,3,1,1,homme,51.0,campagne,salarié
les deux,plateforme de streaming;radio,rtl;m radio;décibel rfm,rock;jazz;pop;electro,années 2020;années 2010;années 2000;années 90;années 70 - 90,francophone;anglophone;brésilienne,peu importe,3,150.0,4,4,2,5,4,1,2,femme,48.0,campagne,salarié
les deux,plateforme de streaming;radio,m radio,pop,1970-1990,francophone;anglophone,peu importe,2,120.0,1,3,4,4,4,1,3,femme,47.0,campagne,salarié
les deux,radio;cd;dvd;vinyles,nrj,rock;pop,ne sait pas,francophone,humoristique,5,120.0,1,5,5,5,5,1,2,homme,50.0,campagne,salarié
les deux,streaming,skyrock,rap;techno,aucune préférence,francophone;anglophone,peu importe,3,120.0,4,4,1,3,3,2,2,homme,19.0,campagne,étudiant
les deux,streaming,nostalgie;france info,jazz;folk,aucune préférence,francophone;anglophone;bulgare;scandinave;breton,peu importe,4,120.0,4,4,5,1,5,1,1,femme,57.0,campagne,salarié
avec des paroles,streaming,nan,rap;pop,années 2020;années 2010,francophone;asiatique,peu importe,1,120.0,4,4,1,1,3,1,3,homme,21.0,banlieue,étudiant
les deux,cd;dvd;vinyles;support usb,nrj;france info,pop,1970-1990,francophone;anglophone,peu importe,1,,1,1,3,5,2,1,3,femme,29.21212121212121,ville,salarié
avec des paroles,radio,rtl;nrj;nostalgie;france inter,jazz;pop,1970-1990,francophone;anglophone,peu importe,1,120.0,1,4,3,5,3,1,2,femme,54.0,campagne,salarié
instrumentaux,plateforme de streaming;cd;dvd;vinyles,france info;oui fm,rock,années 2000;années 90;années 70 - 90;années 50 - 70,anglophone;allemande,peu importe,3,120.0,1,5,3,4,4,1,2,homme,31.0,campagne,salarié
les deux,streaming,nrj;skyrock;fun radio,no preferences,années 2000;années 90;années 70 - 90,francophone;anglophone;hispanique,poétiques,1,,1,4,5,5,3,1,2,femme,30.0,ville,salarié
avec des paroles,streaming,nan,rap,2020,francophone,engagées,1,,3,3,2,3,3,2,2,femme,29.21212121212121,ville,salarié
les deux,plateforme de streaming;radio,nrj;skyrock;fun radio;rfm,rock;pop;electro,années 2010;années 2000,francophone;anglophone;allemande,peu importe,3,150.0,5,4,3,1,3,1,2,homme,22.0,ville,étudiant
les deux,radio,m radio,no preferences,années 2020;années 70 - 90,francophone,peu importe,5,120.0,5,5,5,1,5,1,1,femme,53.0,ville,salarié
les deux,plateforme de streaming;cd;dvd;vinyles,rtl;nrj;france inter;,rock;jazz;classical music,aucune préférence,francophone;anglophone;hispanique,peu importe,5,180.0,5,5,5,5,5,1,1,femme,51.0,campagne,indépendant
les deux,plateforme de streaming;spotify,nan,rap;jazz;pop,années 2020;années 2010;années 2000;années 90;années 70 - 90;années 50 - 70,francophone;anglophone;asiatique;brésilienne,engagées,3,120.0,5,5,4,5,5,1,1,femme,14.0,campagne,étudiant
avec des paroles,plateforme de streaming;radio,nrj;skyrock;fun radio,rap;pop;electro,années 2020;années 2000;années 90;années 70 - 90,francophone;anglophone,peu importe,2,,1,4,3,5,3,1,2,femme,29.0,ville,salarié
avec des paroles,plateforme de streaming;radio,nrj;m radio,rock;rap;pop,aucune préférence,francophone;anglophone,engagées,3,,1,5,5,5,3,1,2,femme,29.21212121212121,campagne,salarié
les deux,streaming,nan,rock;pop;classical music,aucune préférence,francophone;anglophone;allemande,peu importe,3,,4,4,4,5,4,1,2,homme,29.21212121212121,ville,salarié
les deux,streaming,nan,pop;techno,aucune préférence,francophone;anglophone;hispanique,peu importe,3,150.0,1,5,4,5,3,1,2,femme,24.0,ville,salarié
les deux,radio;cd;dvd;vinyles,rtl;skyrock;fun radio;france info;m radio,rock;rap;pop;electro;classical music,aucune préférence,francophone;anglophone;hispanique;allemande,peu importe,3,150.0,1,2,2,1,3,1,2,je préfère ne pas répondre,60.0,ville,salarié
les deux,radio,rtl2,rock;pop;electro,années 2000;années 90;années 70 - 90,francophone,peu importe,3,120.0,4,5,4,5,2,1,1,homme,34.0,campagne,salarié
les deux,plateforme de streaming;radio,nrj;fun radio;rtl2,rock;rap;pop;electro,années 2020;années 2010;années 2000;années 90;années 70 - 90,francophone;anglophone;hispanique;bretonne,peu importe,2,120.0,5,1,2,1,2,1,1,homme,31.0,ville,salarié
les deux,plateforme de streaming;radio,france inter;france info;rtl2,rock;electro;metal,aucune préférence,anglophone,peu importe,3,180.0,2,2,2,4,3,1,3,homme,44.0,campagne,salarié
les deux,radio;cd;dvd;vinyles;clé usb,france inter;m radio,classical music;french variety,années 2000;années 70 - 90,francophone,engagées,2,120.0,4,3,1,2,2,1,1,femme,54.0,campagne,salarié
les deux,streaming,nan,rap,années 2020;années 2010;années 2000,francophone;anglophone;asiatique,peu importe,5,150.0,5,1,5,5,5,1,1,homme,29.21212121212121,campagne,étudiant
les deux,plateforme de streaming;cd;dvd;vinyles,rtl;france inter,rock;pop,aucune préférence,anglophone;hispanique,engagées,3,120.0,1,3,4,4,4,1,2,femme,39.0,campagne,salarié
les deux,streaming,m radio,no preferences,aucune préférence,anglophone,peu importe,2,120.0,1,4,4,5,4,1,2,femme,30.0,ville,salarié
les deux,streaming,nan,rock;rap;electro,aucune préférence,francophone;anglophone;allemande;italien,peu importe,5,120.0,3,3,3,3,3,1,1,homme,18.0,campagne,étudiant
instrumentaux,streaming,nan,rock,1990,anglophone,engagées,3,150.0,1,5,5,5,5,1,2,homme,29.21212121212121,ville,étudiant
les deux,streaming,nrj;nostalgie,jazz,années 2000;années 90;années 70 - 90;années 50 - 70,francophone;anglophone;brésilienne,engagées,5,120.0,5,5,5,5,5,1,1,femme,22.0,ville,étudiant
les deux,streaming,nrj,rap;pop,aucune préférence,francophone;anglophone,peu importe,2,120.0,3,5,3,5,5,1,2,femme,23.0,ville,étudiant
avec des paroles,streaming,nan,rap,aucune préférence,francophone;anglophone,peu importe,3,120.0,5,5,5,5,3,1,2,homme,19.0,campagne,étudiant
les deux,streaming,nrj;skyrock,rap;folk,années 2020;années 2010,francophone,peu importe,2,150.0,5,5,3,5,4,1,2,femme,29.21212121212121,ville,étudiant
les deux,plateforme de streaming;radio;cd;dvd;vinyles,nrj;france info;rires&chansons;berry fm,electro,1970-1990,francophone;anglophone;asiatique,peu importe,1,150.0,1,3,1,5,3,1,3,homme,40.0,campagne,sans emploi
les deux,streaming,rtl;nrj;skyrock;fun radio,jazz;pop;classical music,années 2000;années 90;années 70 - 90,francophone;anglophone,peu importe,4,90.0,5,5,5,5,5,1,1,femme,23.0,ville,étudiant
avec des paroles,plateforme de streaming;cd;dvd;vinyles,nan,rap,années 2020;années 2010;années 2000,francophone;anglophone,poétiques,3,,2,5,5,3,5,1,2,homme,18.0,ville,étudiant
avec des paroles,radio;cd;dvd;vinyles,rtl;radio montagnes noires,classical music,années 2010;années 2000;années 90,francophone,poétiques,2,120.0,1,2,3,4,3,1,3,femme,58.0,campagne,salarié
les deux,radio,nostalgie;radio bonheur,no preferences,1970-1990,francophone;anglophone,engagées,1,120.0,3,1,4,1,4,1,1,femme,67.0,campagne,retraité
les deux,plateforme de streaming;radio,nan,rock;rap;electro,années 2010;années 2000;années 90;années 70 - 90,francophone;anglophone;asiatique,peu importe,2,150.0,3,5,4,5,3,1,2,homme,19.0,campagne,étudiant
les deux,streaming,nan,rock;rap;jazz;pop;electro;classical music,années 2020;années 2010,anglophone,peu importe,3,120.0,4,3,4,5,5,1,1,femme,22.0,ville,salarié
les deux,radio,nostalgie;france inter;m radio;rmn;chérie fm;radio océane.,eclectic,aucune préférence,francophone;anglophone;hispanique;asiatique;brésilienne,peu importe,5,150.0,5,5,5,5,5,1,1,femme,58.0,campagne,salarié
les deux,plateforme de streaming;cd;dvd;vinyles,nan,rap;pop,années 2020;années 2010;années 70 - 90,anglophone,poétiques,2,150.0,4,5,5,5,2,1,2,homme,29.21212121212121,campagne,sans emploi
avec des paroles,radio,hitwest,rock;jazz;pop,aucune préférence,francophone;anglophone,engagées,4,,3,1,4,4,4,1,2,femme,37.0,campagne,indépendant
les deux,radio;youtube et tv,nrj;skyrock;rmn,no preferences,années 2020;années 2010;années 2000,francophone;anglophone;hispanique;brésilienne,peu importe,2,120.0,3,3,3,4,3,1,2,je préfère ne pas répondre,32.0,campagne,salarié
les deux,plateforme de streaming;radio,nrj,rap;pop,années 2020;années 2010;années 2000,francophone;anglophone;asiatique,engagées,4,120.0,4,5,4,5,4,1,2,femme,23.0,ville,étudiant
les deux,plateforme de streaming;cd;dvd;vinyles,france inter;nova,rock;electro,années 2020;années 2000;années 70 - 90,francophone;anglophone,poétiques,2,120.0,2,5,4,5,4,1,2,femme,40.0,ville,salarié
les deux,plateforme de streaming;cd;dvd;vinyles,radio bonheur,metal,aucune préférence,francophone;anglophone;allemande;asiatique,poétiques,4,,3,3,3,5,3,1,2,femme,19.0,campagne,étudiant
avec des paroles,radio;cd;dvd;vinyles,rtl;m radio;rtl2,rock;pop,aucune préférence,francophone;anglophone,peu importe,2,120.0,1,5,4,5,3,1,2,femme,45.0,campagne,salarié
les deux,plateforme de streaming;cd;dvd;vinyles,nan,rock;jazz;metal,aucune préférence,francophone;anglophone;allemande;russe,peu importe,5,150.0,5,5,4,5,3,1,1,homme,21.0,ville,étudiant
les deux,streaming,rtl;nrj;nostalgie,rock;rap;pop;electro,aucune préférence,francophone;anglophone;hispanique;asiatique,peu importe,4,150.0,5,5,5,5,4,1,2,femme,21.0,banlieue,étudiant
les deux,plateforme de streaming;radio;cd;dvd;vinyles,nrj;france info;radio nova;hitwest,rock;rap;jazz;electro,années 2020;années 2010;années 2000;années 50 - 70,francophone;anglophone,peu importe,5,,3,5,5,5,5,1,2,femme,30.0,ville,salarié
instrumentaux,streaming,nrj;rtl 2,rock;pop;electro;classical music,années 2000;années 90;années 70 - 90,francophone;anglophone,peu importe,5,90.0,5,4,4,4,4,1,2,homme,19.0,campagne,étudiant
avec des paroles,plateforme de streaming;radio,rtl;nrj;fun radio;m radio,rock;rap;jazz;pop;electro,aucune préférence,francophone;anglophone;asiatique,peu importe,3,120.0,5,4,4,5,5,1,2,femme,21.0,ville,étudiant
les deux,streaming,skyrock;fun radio;france inter;france info,rap;pop;classical music,années 2000;années 90,francophone;anglophone;brésilienne,poétiques,4,150.0,5,5,5,5,4,1,2,homme,29.21212121212121,ville,salarié
avec des paroles,radio,nostalgie,no preferences,années 2000;années 90;années 70 - 90,anglophone,peu importe,1,120.0,4,2,1,1,2,1,3,femme,62.0,banlieue,retraité
les deux,radio,nan,rock,aucune préférence,anglophone,peu importe,3,,4,4,5,5,4,1,2,femme,29.21212121212121,ville,sans emploi
avec des paroles,plateforme de streaming;cd;dvd;vinyles,nan,rock;pop;folk,années 2020;années 70 - 90,francophone;anglophone;allemande;cyrillique;asiatique,engagées,4,120.0,2,5,4,4,3,1,3,homme,22.0,ville,étudiant
les deux,plateforme de streaming;radio,nrj;nostalgie,rock;rap;jazz;pop,aucune préférence,francophone;anglophone,peu importe,3,90.0,4,4,2,4,2,1,2,homme,35.0,campagne,salarié
les deux,plateforme de streaming;radio,nrj;fun radio;hit west;ouifm,rock;pop,années 2020;années 2010;années 2000;années 90,francophone;anglophone,peu importe,2,150.0,2,3,5,5,5,1,1,femme,33.0,ville,salarié
les deux,streaming,nan,rock;jazz;pop,années 2010;années 2000;années 70 - 90,anglophone;hispanique,peu importe,5,120.0,5,5,4,5,3,1,1,homme,29.21212121212121,ville,indépendant
avec des paroles,plateforme de streaming;cd;dvd;vinyles,nan,rock,années 2020;années 2010;années 2000;années 90,francophone;anglophone,poétiques,3,,4,5,3,5,3,1,2,femme,29.21212121212121,campagne,étudiant
les deux,streaming,france info;couleur3,rock;pop,aucune préférence,francophone;anglophone,peu importe,3,120.0,1,2,2,5,3,1,2,homme,47.0,ville,salarié
les deux,streaming,france inter,rock;jazz;pop,années 2020;années 2010;années 2000;années 90;années 70 - 90,francophone;anglophone,peu importe,2,120.0,1,5,3,3,1,1,2,femme,49.0,ville,salarié
les deux,radio,moov,no preferences,aucune préférence,francophone;anglophone;hispanique,peu importe,2,120.0,1,3,3,3,3,1,3,femme,33.0,ville,salarié
les deux,plateforme de streaming;cd;dvd;vinyles,nrj;skyrock;nostalgie;fun radio,no preferences,aucune préférence,francophone;anglophone;hispanique;asiatique,peu importe,4,120.0,4,5,3,5,5,1,1,femme,30.0,ville,étudiant
les deux,streaming,skyrock,rap,années 2020;années 2010,francophone,engagées,4,120.0,3,5,4,5,5,1,2,homme,24.0,ville,étudiant
les deux,streaming,nrj;fun radio,rock;electro,aucune préférence,francophone;anglophone,peu importe,3,150.0,5,1,2,5,5,1,2,femme,35.0,ville,indépendant
avec des paroles,streaming,nan,rock;pop,années 2020;années 2010;années 2000;années 90,anglophone,poétiques,2,120.0,2,4,2,4,4,2,3,femme,24.0,ville,étudiant
avec des paroles,youtube,nostalgie,pop,années 2000;années 70 - 90,francophone;anglophone,peu importe,1,120.0,5,1,5,1,5,1,2,homme,21.0,ville,étudiant
les deux,streaming,france inter,rap;pop,années 2020;années 70 - 90;années 50 - 70,francophone;anglophone;cyrillique,peu importe,5,120.0,5,5,5,5,4,1,2,femme,19.0,campagne,étudiant
avec des paroles,plateforme de streaming;radio,skyrock;fun radio,rap;pop,années 2020;années 2010,francophone,peu importe,5,150.0,4,5,3,5,4,1,2,homme,18.0,campagne,étudiant
avec des paroles,plateforme de streaming;radio,nostalgie;cherie fm,rock;pop;classical music,années 2000;années 90;années 70 - 90;années 50 - 70,francophone;anglophone;cyrillique,engagées,2,150.0,2,5,4,5,1,2,3,femme,31.0,ville,salarié
